,Model,Meas,RMSE,MAE,MaxAE,PwT_1_abs,PwT_2_abs,PwT_1_rel,PwT_2_rel
0,model_RNN_lon_2020.pt,i7_16_norm.csv,0.05242551597483626,0.039146807197252456,0.21792855110168452,100.0,100.0,87.68809849521205,87.75649794801642
1,model_RNN_lon_2020.pt,i7_31_norm.csv,0.34616234168314547,0.1587935949422091,1.4931876696777344,88.90920170627666,89.8842169408897,85.74040219378428,86.34978671541744
2,model_RNN_lon_2020.pt,i7_37_norm.csv,0.1431574900385712,0.06272878328610657,1.311075081481933,96.03232916972814,97.28141072740631,71.56502571638501,72.66715650257164
3,model_RNN_lon_2020.pt,i7_43_norm.csv,0.10276760533178868,0.06121860141487715,0.5967028088378896,97.28217426059153,98.56115107913669,64.66826538768984,66.74660271782574
4,model_RNN_lon_2020.pt,i7_48_norm.csv,0.05663280206200122,0.030110333984917515,0.6486680635070803,99.23732615522655,99.41677882458502,84.92597577388963,85.86810228802153
5,model_RNN_lon_2020.pt,i7_8_norm.csv,0.057261671753611396,0.043383831224582545,0.24995121765136652,100.0,100.0,81.88539741219964,82.31669747381393
