,Model,RMSE,MAE,MaxAE,PwT_1_abs,PwT_2_abs,PwT_1_rel,PwT_2_rel
0,model_RNN_lon_2020.pt,0.1264012378073257,0.06589699200832423,1.4931876696777344,96.91017188197048,97.52392626200295,79.4121941631934,80.28414060761112
