,Model,RMSE,MAE,MaxAE,PwT_1_abs,PwT_2_abs,PwT_1_rel,PwT_2_rel
0,best_wheel,0.6961055304978753,0.36681739974456845,6.41560413,69.9428878365797,74.1066278526901,85.42960790566163,86.31847552093143
1,model_based,0.3121669314526975,0.1931038864517116,2.18089905486155,73.27554410417609,75.12087097921268,77.00411235087842,77.1882337866718
2,ekf_m_bw,0.15737240025679608,0.07580059320679826,3.3558068479279495,94.48803720359314,96.26136125974112,77.00942433378349,77.46376290071017
3,veh_ref,0.16029763526006371,0.11273206488415934,1.382360000000002,93.64294472061046,95.44583460364657,90.73007742615285,91.36558647206755
4,ekf_ai,0.08975684546862496,0.045927322117775095,1.9466464494354696,98.44427878889569,98.91113881035342,80.8107312105151,81.2652695668405
