,Model,RMSE,MAE,MaxAE,PwT_1_abs,PwT_2_abs,PwT_1_rel,PwT_2_rel
0,model_T_lon_1560.pt,0.17445058044371387,0.12758003012608757,1.5800437225341781,92.12806509799009,96.93576120196519,75.773754913638,76.49917924638079
