,Model,Meas,RMSE,MAE,MaxAE,PwT_1_abs,PwT_2_abs,PwT_1_rel,PwT_2_rel
0,model_T_lon_1560.pt,i7_16_norm.csv,0.1371973917115403,0.10301477848481544,0.3895960876464848,94.39124487004104,100.0,85.9781121751026,86.38850889192886
1,model_T_lon_1560.pt,i7_31_norm.csv,0.4030273973959772,0.2726986225317892,1.5800437225341781,75.13711151736746,87.87324801950031,80.68251066422913,82.51066422912858
2,model_T_lon_1560.pt,i7_37_norm.csv,0.11823704805829768,0.09074905397079167,0.3738728065967559,96.84055841293167,100.0,66.78912564290962,67.30345334313004
3,model_T_lon_1560.pt,i7_43_norm.csv,0.17168245953093916,0.13199022002401203,0.49002757934570296,90.96722621902478,94.32454036770584,58.113509192645886,59.15267785771383
4,model_T_lon_1560.pt,i7_48_norm.csv,0.10430535596203816,0.07995204758844979,0.4194099589538576,97.71197846567968,99.41677882458502,83.5352175863616,83.84925975773889
5,model_T_lon_1560.pt,i7_8_norm.csv,0.11225383000349072,0.08707545815666734,0.36290831146240166,97.72027110289588,100.0,79.54405422057917,79.79051139864448
