,Model,Meas,RMSE,MAE,MaxAE,PwT_1_abs,PwT_2_abs,PwT_1_rel,PwT_2_rel
0,model_LSTM_lon_2139.pt,i7_16_norm.csv,0.04873412608173708,0.03659129542146147,0.1667706909179696,100.0,100.0,87.14090287277702,87.27770177838578
1,model_LSTM_lon_2139.pt,i7_31_norm.csv,0.1580160364292923,0.08268493799060656,1.2244080023193362,94.08897014015845,95.91712370505789,86.41072516758075,86.53260207190738
2,model_LSTM_lon_2139.pt,i7_37_norm.csv,0.14966729814232838,0.07180760215918483,1.0674358441162113,95.81190301249082,97.13445995591476,70.83027185892726,71.49155033063923
3,model_LSTM_lon_2139.pt,i7_43_norm.csv,0.11032703407994074,0.0733290607748213,0.6036061303710945,96.72262190247801,98.48121502797763,64.90807354116707,65.62749800159871
4,model_LSTM_lon_2139.pt,i7_48_norm.csv,0.05598602982165662,0.033785394238297115,0.5928433068847658,99.32705248990578,99.55136832660386,85.19515477792731,85.28488111260654
5,model_LSTM_lon_2139.pt,i7_8_norm.csv,0.04452752054505585,0.03108029260754941,0.22617756164550862,100.0,100.0,81.76216882316697,82.00862600123229
