,Model,RMSE,MAE,MaxAE,PwT_1_abs,PwT_2_abs,PwT_1_rel,PwT_2_rel
0,model_LSTM_lon_2139.pt,0.09454300751666848,0.05487976386532012,1.2244080023193362,97.65842459083883,98.51402783592569,79.3745495069244,79.70380988272832
