,Model,RMSE,MAE,MaxAE,PwT_1_abs,PwT_2_abs,PwT_1_rel,PwT_2_rel
0,model_GRU_lon_2080.pt,0.10587755560485317,0.05546907872084087,1.3256689144897464,96.78760901581403,97.78251528100184,79.44552895275089,80.46391359430945
