,Model,Meas,RMSE,MAE,MaxAE,PwT_1_abs,PwT_2_abs,PwT_1_rel,PwT_2_rel
0,model_GRU_lon_2080.pt,i7_16_norm.csv,0.058475968833770285,0.04551341642153125,0.2065370025634774,100.0,100.0,88.37209302325581,88.91928864569083
1,model_GRU_lon_2080.pt,i7_31_norm.csv,0.1785406906807795,0.07864085101787271,1.2208736853027347,92.62644728823888,94.08897014015845,85.8622790981109,86.34978671541744
2,model_GRU_lon_2080.pt,i7_37_norm.csv,0.16729620511828838,0.07378321930978082,1.3256689144897464,94.34239529757531,96.54665686994856,71.49155033063923,72.22630418809699
3,model_GRU_lon_2080.pt,i7_43_norm.csv,0.12606170827420204,0.06729594114168748,0.6849717279052747,94.56434852118305,96.64268585131894,64.66826538768984,67.54596322941646
4,model_GRU_lon_2080.pt,i7_48_norm.csv,0.05642730875798179,0.030282778162304052,0.659151328430176,99.19246298788694,99.41677882458502,84.70165993719156,85.73351278600269
5,model_GRU_lon_2080.pt,i7_8_norm.csv,0.04846345196409706,0.037298266271868906,0.20791938751220762,100.0,100.0,81.57732593961799,82.00862600123229
