,Model,RMSE,MAE,MaxAE,PwT_1_abs,PwT_2_abs,PwT_1_rel,PwT_2_rel
0,model_TCN_lon_129.pt,0.07512788485500234,0.04274310676348503,1.19855198425293,99.01149584552225,99.38940425090327,80.78003670364912,81.19992685603202
