,Model,Meas,RMSE,MAE,MaxAE,PwT_1_abs,PwT_2_abs,PwT_1_rel,PwT_2_rel
0,model_TCN_lon_129.pt,i7_16_norm.csv,0.0634998151648745,0.045480876305563196,0.240579382476807,100.0,100.0,87.75649794801642,87.96169630642954
1,model_TCN_lon_129.pt,i7_31_norm.csv,0.10754815240094973,0.04920242655884269,1.19855198425293,98.65935405240707,98.84216940889702,88.54357099329677,88.54357099329677
2,model_TCN_lon_129.pt,i7_37_norm.csv,0.10214827366036927,0.041798745054592544,0.9988520693969729,97.50183688464364,98.16311535635562,72.88758265980897,73.32843497428362
3,model_TCN_lon_129.pt,i7_43_norm.csv,0.08629598493712076,0.05541315440997229,0.43858757598876963,98.40127897681855,99.60031974420464,68.02557953637091,69.62430055955235
4,model_TCN_lon_129.pt,i7_48_norm.csv,0.05377820981908251,0.03546353042810685,0.5145781167602541,99.50650515926425,99.7308209959623,85.1502916105877,85.24001794526693
5,model_TCN_lon_129.pt,i7_8_norm.csv,0.03749687314761729,0.029099907823832576,0.18284824340820371,100.0,100.0,82.31669747381393,82.50154035736291
